concept,domain,model,model_label,true_label,correct,raw_answer
Fundamental Attribution Error,Psychology,Llama-3.1-8B-Instruct,yes,yes,True,"ANSWER: Yes

FINAL ANSWER:"
Fundamental Attribution Error,Psychology,Llama-3.1-8B-Instruct,yes,yes,True,ANSWER: Yes
Fundamental Attribution Error,Psychology,Llama-3.1-8B-Instruct,yes,no,False,"ANSWER: Yes.

FINAL ANSWER:"
Fundamental Attribution Error,Psychology,Llama-3.1-8B-Instruct,yes,no,False,Yes
Fundamental Attribution Error,Psychology,Llama-3.1-8B-Instruct,yes,yes,True,The example is an instance of the Fundamental Attribution Error. This is because the lady in the story attributes the behavior of the protagonist (taking a cart that was already in use) to their chara
Fundamental Attribution Error,Psychology,Llama-3.1-8B-Instruct,yes,no,False,"ANSWER: Yes

FINAL ANSWER:"
Fundamental Attribution Error,Psychology,Llama-3.1-8B-Instruct,yes,no,False,The situation described is an instance of the Fundamental Attribution Error. The Fundamental Attribution Error is a cognitive bias that occurs when people attribute others' behavior to their character
Fundamental Attribution Error,Psychology,Llama-3.1-8B-Instruct,yes,yes,True,The example is an instance of the Fundamental Attribution Error. The Fundamental Attribution Error is a cognitive bias that occurs when people attribute someone's behavior to their character or person
Fundamental Attribution Error,Psychology,Llama-3.1-8B-Instruct,yes,yes,True,"ANSWER: Yes

The scenario you described is an example of the Fundamental Attribution Error. This concept refers to the tendency to overestimate the role of personality or character in shaping behavior"
Black and White Thinking,Psychology,Llama-3.1-8B-Instruct,yes,yes,True,Yes
Black and White Thinking,Psychology,Llama-3.1-8B-Instruct,yes,no,False,Yes
Black and White Thinking,Psychology,Llama-3.1-8B-Instruct,yes,yes,True,"ANSWER: Yes

This example is an instance of the concept Black and White Thinking. The person in the scenario is experiencing an ""either-or"" mentality, where they're struggling to see the nuance betwee"
Black and White Thinking,Psychology,Llama-3.1-8B-Instruct,yes,yes,True,"ANSWER: Yes.

FINAL ANSWER:"
Black and White Thinking,Psychology,Llama-3.1-8B-Instruct,yes,no,False,ANSWER: Yes
Black and White Thinking,Psychology,Llama-3.1-8B-Instruct,yes,no,False,Yes
Black and White Thinking,Psychology,Llama-3.1-8B-Instruct,yes,yes,True,"ANSWER: Yes.

This is an instance of Black and White Thinking, a cognitive distortion where an individual perceives a situation as having only two possible outcomes, with no middle ground or shades of"
Sunk Cost Fallacy,Psychology,Llama-3.1-8B-Instruct,yes,yes,True,"ANSWER: Yes

The Sunk Cost Fallacy is a cognitive bias where people continue to invest time, money, or effort into a decision because of the resources they have already committed, rather than consider"
Sunk Cost Fallacy,Psychology,Llama-3.1-8B-Instruct,yes,no,False,"The example provided illustrates the Sunk Cost Fallacy because the boyfriend's argument is not about Rachel Zegler's actual qualities or actions, but rather about his own discomfort with her confidenc"
Sunk Cost Fallacy,Psychology,Llama-3.1-8B-Instruct,yes,yes,True,"The example is an instance of the Sunk Cost Fallacy. The fiancé is suggesting postponing the wedding because of the costs they've already incurred, despite the fact that he claims to want to give his "
Sunk Cost Fallacy,Psychology,Llama-3.1-8B-Instruct,yes,no,False,"The example is an instance of the Sunk Cost Fallacy because the husband is ignoring the fact that he spent time and effort on making the cake, and is instead choosing to eat the snickerdoodle cookies "
Sunk Cost Fallacy,Psychology,Llama-3.1-8B-Instruct,no,no,True,"The Sunk Cost Fallacy typically refers to the tendency to continue investing in a decision because of the resources that have already been committed, even if it no longer makes sense to do so. In this"
Sunk Cost Fallacy,Psychology,Llama-3.1-8B-Instruct,yes,no,False,"ANSWER: Yes

You are experiencing the Sunk Cost Fallacy. The sunk cost fallacy is the tendency to continue investing resources into a decision because of the resources that have already been spent, ev"
Sunk Cost Fallacy,Psychology,Llama-3.1-8B-Instruct,yes,no,False,"ANSWER: Yes

FINAL ANSWER:"
Sunk Cost Fallacy,Psychology,Llama-3.1-8B-Instruct,no,no,True,"I cannot provide a definitive answer to your question. However, I can help you analyze the situation. Is there something else I can help you with?"
IKEA Effect,Psychology,Llama-3.1-8B-Instruct,yes,yes,True,"The example describes an instance of the IKEA Effect, where an individual overvalues their own work due to the effort they put into it, leading them to perceive it as being of higher quality or value "
IKEA Effect,Psychology,Llama-3.1-8B-Instruct,yes,no,False,"The concept of the IKEA Effect refers to the phenomenon where people tend to overvalue something they have invested effort into, whether it's a product, a task, or an activity. In this example, the in"
IKEA Effect,Psychology,Llama-3.1-8B-Instruct,yes,yes,True,"The given example is an instance of the IKEA Effect, which is a psychological phenomenon where people tend to overvalue and have a higher attachment to things they have partially assembled or created "
IKEA Effect,Psychology,Llama-3.1-8B-Instruct,yes,no,False,"ANSWER: Yes

The example you provided is an instance of the IKEA Effect. The IKEA Effect is a psychological phenomenon where people tend to overvalue things they have partially created or invested in,"
IKEA Effect,Psychology,Llama-3.1-8B-Instruct,yes,no,False,"ANSWER: Yes

The IKEA Effect is a psychological phenomenon where people overvalue items they have partially or fully assembled themselves, often because of the perceived value of their own labor. Howe"
IKEA Effect,Psychology,Llama-3.1-8B-Instruct,yes,no,False,"ANSWER: Yes

The IKEA Effect refers to the phenomenon where people tend to overvalue items they have partially assembled or created themselves, even if the end result is not as good as a pre-made prod"
IKEA Effect,Psychology,Llama-3.1-8B-Instruct,yes,no,False,"The situation described is an example of the IKEA Effect, where the person (in this case, the 19-year-old) has a personal attachment to their new Android phone because they put effort and emotional va"
Endowment Effect,Psychology,Llama-3.1-8B-Instruct,yes,no,False,Yes
Endowment Effect,Psychology,Llama-3.1-8B-Instruct,yes,no,False,"The example illustrates the Endowment Effect, which is a cognitive bias where people overvalue things they own or possess, often due to the psychological attachment to these possessions. In this scena"
Endowment Effect,Psychology,Llama-3.1-8B-Instruct,yes,no,False,The individual in the story is experiencing the Endowment Effect because they are perceiving their own gifts as being of higher value and more meaningful than the gifts received from their family memb
Endowment Effect,Psychology,Llama-3.1-8B-Instruct,yes,yes,True,"The concept of the Endowment Effect is a psychological bias where people overvalue things they own compared to similar items they don't own. In this case, the user overreacted to the loss of her teddy"
Endowment Effect,Psychology,Llama-3.1-8B-Instruct,yes,no,False,"The Endowment Effect is a cognitive bias where people overvalue things they already own or possess, which can lead to overestimating their worth or value. In this scenario, the girlfriend, Jane, overv"
Endowment Effect,Psychology,Llama-3.1-8B-Instruct,unparseable,no,False,"The concept of the Endowment Effect refers to the tendency for people to overvalue things they already own or possess, and undervalue things they don't own. However, in this scenario, the Endowment Ef"
Normalcy Bias,Psychology,Llama-3.1-8B-Instruct,yes,yes,True,ANSWER: Yes
Normalcy Bias,Psychology,Llama-3.1-8B-Instruct,yes,no,False,"ANSWER: Yes

The scenario you described is an instance of the concept Normalcy Bias. Normalcy Bias is the tendency to believe that everything will continue as it always has, even in the face of danger"
Normalcy Bias,Psychology,Llama-3.1-8B-Instruct,yes,yes,True,"ANSWER: Yes.

FINAL ANSWER:"
Normalcy Bias,Psychology,Llama-3.1-8B-Instruct,yes,no,False,"The described scenario is an example of the concept of Normalcy Bias. Normalcy Bias is the tendency for people to overestimate the likelihood of things continuing as they are, even when they are facin"
Normalcy Bias,Psychology,Llama-3.1-8B-Instruct,yes,yes,True,"The example is an instance of the concept Normalcy Bias, where the man underestimated the potential severity of the girl's fall and the consequences of her injury, given the context of the situation. "
Normalcy Bias,Psychology,Llama-3.1-8B-Instruct,yes,yes,True,Yes
Spotlight Effect,Psychology,Llama-3.1-8B-Instruct,yes,no,False,"ANSWER: Yes

FINAL ANSWER:"
Spotlight Effect,Psychology,Llama-3.1-8B-Instruct,yes,no,False,"ANSWER: Yes

The example you provided is an instance of the concept Spotlight Effect. The Spotlight Effect is a cognitive bias that causes people to overestimate the importance and attention that othe"
Spotlight Effect,Psychology,Llama-3.1-8B-Instruct,yes,yes,True,"ANSWER: Yes

The described scenario appears to be an instance of the Spotlight Effect, where the individual feels an intense focus of attention from others, leading to feelings of discomfort and self-"
Spotlight Effect,Psychology,Llama-3.1-8B-Instruct,yes,no,False,"The provided example illustrates the Spotlight Effect, a psychological phenomenon where individuals tend to overestimate the extent to which others notice their own thoughts, feelings, and behaviors. "
Spotlight Effect,Psychology,Llama-3.1-8B-Instruct,yes,yes,True,ANSWER: Yes
Illusory Superiority,Psychology,Llama-3.1-8B-Instruct,yes,yes,True,"The given example is an instance of the concept Illusory Superiority, which is a cognitive bias where an individual overestimates their own qualities, achievements, or behavior, while underestimating "
Illusory Superiority,Psychology,Llama-3.1-8B-Instruct,yes,yes,True,"ANSWER: Yes

FINAL ANSWER:"
Illusory Superiority,Psychology,Llama-3.1-8B-Instruct,yes,no,False,ANSWER: Yes
Illusory Superiority,Psychology,Llama-3.1-8B-Instruct,yes,no,False,"ANSWER: Yes

FINAL ANSWER:"
Illusory Superiority,Psychology,Llama-3.1-8B-Instruct,yes,yes,True,"ANSWER: Yes

FINAL ANSWER:"
Illusory Superiority,Psychology,Llama-3.1-8B-Instruct,no,yes,False,"In this scenario, the concept of Illusory Superiority is not directly applicable. Illusory superiority refers to the tendency for people to overestimate their own abilities, skills, or accomplishments"
Catastrophizing,Psychology,Llama-3.1-8B-Instruct,yes,yes,True,"ANSWER: Yes

FINAL ANSWER:"
Catastrophizing,Psychology,Llama-3.1-8B-Instruct,yes,no,False,"Yes. This is an instance of catastrophizing, where H and her friends are exaggerating the consequences of your decision to back out of the gathering due to your dietary restrictions. They claim it wil"
Catastrophizing,Psychology,Llama-3.1-8B-Instruct,yes,no,False,"ANSWER: Yes. 

This example illustrates catastrophizing as it involves an individual (M41) who tends to make excessive negative interpretations of situations, often accompanied by an exaggerated sense"
Catastrophizing,Psychology,Llama-3.1-8B-Instruct,yes,no,False,"ANSWER: Yes

FINAL ANSWER:"
Catastrophizing,Psychology,Llama-3.1-8B-Instruct,yes,no,False,"ANSWER: Yes

FINAL ANSWER:"
Catastrophizing,Psychology,Llama-3.1-8B-Instruct,yes,no,False,"To determine if this is an instance of catastrophizing, let's break down the situation. Catastrophizing refers to the tendency to assume the worst-case scenario, often in a way that is exaggerated or "
Catastrophizing,Psychology,Llama-3.1-8B-Instruct,yes,no,False,"The given example is an instance of the concept of catastrophizing. Catastrophizing refers to the tendency to expect or imagine the worst possible outcome in a situation. In this case, the husband cat"
Haiku,Literary Techniques,Llama-3.1-8B-Instruct,no,yes,False,"ANSWER: No

Explanation: A traditional Haiku consists of three lines with a syllable count of 5-7-5. This example has 7-7-5 syllables, but it also lacks a clear seasonal reference, which is a common e"
Haiku,Literary Techniques,Llama-3.1-8B-Instruct,yes,yes,True,"To determine if the given example is an instance of the concept Haiku, let's analyze its structure and components.

A traditional Haiku consists of three lines with a syllable count of 5-7-5. The exam"
Haiku,Literary Techniques,Llama-3.1-8B-Instruct,yes,yes,True,"To determine if the given example is an instance of the concept Haiku, let's break down the characteristics of a traditional Haiku:

1.  It consists of three lines.
2.  The syllable count is 5-7-5.
3."
Haiku,Literary Techniques,Llama-3.1-8B-Instruct,yes,yes,True,"ANSWER: Yes

FINAL ANSWER:"
Haiku,Literary Techniques,Llama-3.1-8B-Instruct,yes,yes,True,"To determine if the given example is an instance of a Haiku, we need to examine its structure and content according to traditional Haiku principles.

A traditional Haiku consists of three lines with a"
Haiku,Literary Techniques,Llama-3.1-8B-Instruct,yes,no,False,"ANSWER: Yes

FINAL ANSWER:"
Haiku,Literary Techniques,Llama-3.1-8B-Instruct,yes,no,False,"To determine if this example is an instance of the concept Haiku, we need to examine its structure and adherence to traditional Haiku principles. 

A traditional Haiku consists of three lines with a s"
Haiku,Literary Techniques,Llama-3.1-8B-Instruct,no,no,True,"To determine if the given example is an instance of the concept Haiku, let's examine its structure and content. A traditional Haiku consists of three lines with a syllable count of 5-7-5. The Haiku al"
Haiku,Literary Techniques,Llama-3.1-8B-Instruct,no,no,True,ANSWER: No
Haiku,Literary Techniques,Llama-3.1-8B-Instruct,yes,no,False,ANSWER: Yes
Analogy,Literary Techniques,Llama-3.1-8B-Instruct,no,yes,False,"ANSWER: No

The analogy typically involves two comparisons where the relationship between the words or concepts on one side of the comparison is similar to the relationship between the words or concep"
Analogy,Literary Techniques,Llama-3.1-8B-Instruct,yes,yes,True,"ANSWER: Yes

FINAL ANSWER:"
Analogy,Literary Techniques,Llama-3.1-8B-Instruct,yes,yes,True,ANSWER: Yes
Analogy,Literary Techniques,Llama-3.1-8B-Instruct,no,yes,False,"To determine if the example is an instance of the concept Analogy, let's break it down. 

An analogy is a comparison between two things that may seem unrelated but share a common characteristic. In th"
Analogy,Literary Techniques,Llama-3.1-8B-Instruct,no,yes,False,"To determine if this is an example of an analogy, we need to break it down. An analogy typically involves comparing two things that are related in a specific way. In this case, the relationship betwee"
Analogy,Literary Techniques,Llama-3.1-8B-Instruct,no,no,True,"To determine if the given example is an instance of the concept Analogy, let's first define what an analogy is. An analogy is a comparison between two unlike things that highlights their similarities "
Analogy,Literary Techniques,Llama-3.1-8B-Instruct,no,no,True,"ANSWER: No

This statement is an example of a comparison, but it is not an analogy. An analogy typically involves drawing a comparison between two unlike things to highlight a shared characteristic or"
Analogy,Literary Techniques,Llama-3.1-8B-Instruct,yes,no,False,ANSWER: Yes
Analogy,Literary Techniques,Llama-3.1-8B-Instruct,yes,no,False,"ANSWER: Yes

FINAL ANSWER:"
Analogy,Literary Techniques,Llama-3.1-8B-Instruct,no,no,True,"To determine if the given example is an instance of the concept Analogy, let's break it down.

An analogy is a comparison between two things that are not alike, but share a common characteristic or re"
Paradox,Literary Techniques,Llama-3.1-8B-Instruct,yes,yes,True,"ANSWER: Yes

FINAL ANSWER:"
Paradox,Literary Techniques,Llama-3.1-8B-Instruct,no,yes,False,"This phrase, ""All movie directors are equal but some are more equal than others,"" is a direct quote from George Orwell's novel ""Animal Farm."" It is often used to illustrate the concept of a paradox, b"
Paradox,Literary Techniques,Llama-3.1-8B-Instruct,yes,yes,True,Yes
Paradox,Literary Techniques,Llama-3.1-8B-Instruct,yes,yes,True,"This statement is an example of a linguistic paradox, specifically a self-referential paradox. It presents a seeming contradiction where two opposing statements are combined: ""It's so loud here"" (whic"
Paradox,Literary Techniques,Llama-3.1-8B-Instruct,yes,yes,True,"ANSWER: Yes

FINAL ANSWER:"
Paradox,Literary Techniques,Llama-3.1-8B-Instruct,yes,no,False,"This statement, ""I can resist everything, even temptation,"" appears to be a paradox. A paradox is a statement that contradicts itself or appears to defy logic. In this case, the statement claims that "
Paradox,Literary Techniques,Llama-3.1-8B-Instruct,yes,no,False,"ANSWER: Yes

FINAL ANSWER:"
Paradox,Literary Techniques,Llama-3.1-8B-Instruct,no,no,True,ANSWER: No
Paradox,Literary Techniques,Llama-3.1-8B-Instruct,yes,no,False,"This statement is a classic example of the Sorites paradox, also known as the paradox of the heap. The paradox arises from the question of how to define a ""hungriest"" child, as it can be argued that t"
Paradox,Literary Techniques,Llama-3.1-8B-Instruct,no,no,True,"This situation may seem paradoxical at first glance, but it is not an instance of a paradox in the classical sense. A paradox typically involves a statement that contradicts itself or appears to be lo"
Anacoluthon,Literary Techniques,Llama-3.1-8B-Instruct,no,yes,False,The given example does not follow the typical structure of an Anacoluthon. An Anacoluthon is a rhetorical device in which a sentence or phrase is interrupted by a second clause or phrase that seems to
Anacoluthon,Literary Techniques,Llama-3.1-8B-Instruct,yes,yes,True,Yes
Anacoluthon,Literary Techniques,Llama-3.1-8B-Instruct,yes,yes,True,ANSWER: Yes
Anacoluthon,Literary Techniques,Llama-3.1-8B-Instruct,yes,yes,True,"To determine if the example is an instance of Anacoluthon, let's first define what Anacoluthon is. An Anacoluthon is a figure of speech where a speaker or writer begins to express one idea, but then s"
Anacoluthon,Literary Techniques,Llama-3.1-8B-Instruct,yes,yes,True,"ANSWER: Yes

Explanation: Anacoluthon is a rhetorical device in which a sentence or phrase is constructed with a change in grammatical structure, often for emphasis or effect. In the given example, th"
Anacoluthon,Literary Techniques,Llama-3.1-8B-Instruct,yes,no,False,Yes
Anacoluthon,Literary Techniques,Llama-3.1-8B-Instruct,no,no,True,"To determine if the given example is an instance of an Anacoluthon, let's first understand what an Anacoluthon is. An Anacoluthon is a rhetorical device in which a sentence or phrase is interrupted by"
Anacoluthon,Literary Techniques,Llama-3.1-8B-Instruct,yes,no,False,"ANSWER: Yes

Explanation: An anacoluthon is a rhetorical device in which a change is made in the grammatical structure or word order in the middle of a sentence. In this example, the sentence starts w"
Anacoluthon,Literary Techniques,Llama-3.1-8B-Instruct,no,no,True,"To determine if this is an instance of anacoluthon, let's break down the definition of anacoluthon. An anacoluthon is a rhetorical device in which a sentence or phrase is interrupted or rearranged, of"
Anacoluthon,Literary Techniques,Llama-3.1-8B-Instruct,yes,no,False,ANSWER: Yes
Asyndeton,Literary Techniques,Llama-3.1-8B-Instruct,yes,yes,True,"To determine if the given example is an instance of Asyndeton, we need to analyze the sentence structure and identify if it involves the deliberate omission of conjunctions between coordinate elements"
Asyndeton,Literary Techniques,Llama-3.1-8B-Instruct,no,yes,False,"To determine if the example is an instance of Asyndeton, we need to understand what Asyndeton is. Asyndeton is a rhetorical device that involves the deliberate omission of conjunctions between items i"
Asyndeton,Literary Techniques,Llama-3.1-8B-Instruct,yes,yes,True,"ANSWER: Yes

Explanation: Asyndeton is a rhetorical device in which two or more words, phrases, or clauses are joined without using conjunctions (like ""and,"" ""but,"" ""or,"" etc.). In the given example, "
Asyndeton,Literary Techniques,Llama-3.1-8B-Instruct,no,yes,False,"To determine if this is an instance of Asyndeton, we need to examine the definition. Asyndeton is a rhetorical device that involves the deliberate omission of conjunctions between words or phrases in "
Asyndeton,Literary Techniques,Llama-3.1-8B-Instruct,unparseable,yes,False,"To determine if the given example is an instance of Asyndeton, let's first define Asyndeton. Asyndeton is a rhetorical device that involves the omission of conjunctions between two or more words, phra"
Asyndeton,Literary Techniques,Llama-3.1-8B-Instruct,no,no,True,"To determine if the given example is an instance of Asyndeton, let's break it down. Asyndeton is a rhetorical device that involves the omission of conjunctions between items in a list, often to create"
Asyndeton,Literary Techniques,Llama-3.1-8B-Instruct,no,no,True,"To determine if the example is an instance of asyndeton, we need to understand what asyndeton is. Asyndeton is a rhetorical device in which two or more words, phrases, or clauses are joined without co"
Asyndeton,Literary Techniques,Llama-3.1-8B-Instruct,no,no,True,"To determine if the given sentence is an example of Asyndeton, we need to understand what Asyndeton is. Asyndeton is a rhetorical device in which two or more words, phrases, or clauses that would norm"
Asyndeton,Literary Techniques,Llama-3.1-8B-Instruct,yes,no,False,"To determine if the given example is an instance of the concept Asyndeton, let's first define Asyndeton. Asyndeton is a rhetorical device that involves the omission of conjunctions between words or ph"
Asyndeton,Literary Techniques,Llama-3.1-8B-Instruct,yes,no,False,"ANSWER: Yes

FINAL ANSWER:"
Accismus,Literary Techniques,Llama-3.1-8B-Instruct,yes,yes,True,"ANSWER: Yes

FINAL ANSWER:"
Accismus,Literary Techniques,Llama-3.1-8B-Instruct,yes,yes,True,Yes
Accismus,Literary Techniques,Llama-3.1-8B-Instruct,yes,yes,True,"The phrase ""You shouldn't have"" is a classic example of accismus, a rhetorical device in which a person feigns modesty or humility by expressing reluctance or refusal, while actually being pleased or "
Accismus,Literary Techniques,Llama-3.1-8B-Instruct,yes,yes,True,"ANSWER: Yes

FINAL ANSWER:"
Accismus,Literary Techniques,Llama-3.1-8B-Instruct,yes,yes,True,"To determine if the given example is an instance of Accismus, let's break down the concept. Accismus is a rhetorical device in which a person expresses reluctance or refusal to do something, but actua"
Accismus,Literary Techniques,Llama-3.1-8B-Instruct,yes,no,False,"Accismus is a figure of speech where a person pretends to be unwilling, but is actually willing. In this example, Cosell is pretending to be unwilling to accept Arledge's praise by saying he's in brea"
Accismus,Literary Techniques,Llama-3.1-8B-Instruct,yes,no,False,Yes
Accismus,Literary Techniques,Llama-3.1-8B-Instruct,yes,no,False,"ANSWER: Yes

FINAL ANSWER:"
Accismus,Literary Techniques,Llama-3.1-8B-Instruct,yes,no,False,"To determine if the given example is an instance of Accismus, let's first define Accismus. Accismus is a literary device in which a person pretends to be unwilling or reluctant to do something, but ac"
Accismus,Literary Techniques,Llama-3.1-8B-Instruct,unparseable,no,False,"This statement can be seen as an example of Accismus, which is a rhetorical device where someone pretends not to be able to do something in order to express their ability or willingness to do it, ofte"
Enthymeme,Literary Techniques,Llama-3.1-8B-Instruct,no,yes,False,"To determine if the given statement is an instance of the concept Enthymeme, we need to understand what an Enthymeme is. An Enthymeme is a logical argument or syllogism that is often used in rhetoric "
Enthymeme,Literary Techniques,Llama-3.1-8B-Instruct,no,yes,False,"To determine if the given statement is an instance of the concept Enthymeme, we need to break down the components involved.

An Enthymeme is a form of logical argument that typically consists of three"
Enthymeme,Literary Techniques,Llama-3.1-8B-Instruct,yes,yes,True,"To determine if this is an instance of the concept Enthymeme, we need to understand what an Enthymeme is. An Enthymeme is a rhetorical device that involves a syllogism or a logical argument presented "
Enthymeme,Literary Techniques,Llama-3.1-8B-Instruct,no,yes,False,No
Enthymeme,Literary Techniques,Llama-3.1-8B-Instruct,yes,yes,True,"This example is an instance of the concept Enthymeme. An enthymeme is a rhetorical device in which a conclusion is drawn from a set of premises, often using deductive reasoning. In this case, the stat"
Enthymeme,Literary Techniques,Llama-3.1-8B-Instruct,unparseable,no,False,"To determine if this example is an instance of an enthymeme, let's break it down.

An enthymeme is a rhetorical structure used to make an argument or persuade an audience. It consists of three main co"
Enthymeme,Literary Techniques,Llama-3.1-8B-Instruct,yes,no,False,"To determine if the given example is an instance of the concept Enthymeme, we need to analyze its structure. An Enthymeme is a form of logical argument that consists of three parts: a premise, a premi"
Enthymeme,Literary Techniques,Llama-3.1-8B-Instruct,no,no,True,"To determine if this is an instance of the concept Enthymeme, let's break it down. An Enthymeme is a short argument or reasoning that consists of a premise and a conclusion. It is typically in the for"
Enthymeme,Literary Techniques,Llama-3.1-8B-Instruct,yes,no,False,"To determine if the given example is an instance of the concept Enthymeme, let's break down the structure of an Enthymeme:

1. Major premise: An Enthymeme typically starts with a general statement or "
Enthymeme,Literary Techniques,Llama-3.1-8B-Instruct,unparseable,no,False,"This example is an instance of the concept Enthymeme. An Enthymeme is a form of logical reasoning that consists of a conclusion drawn from a specific observation or fact. In this case, the enthymeme i"
Anapest,Literary Techniques,Llama-3.1-8B-Instruct,unparseable,yes,False,"To determine if the example is an instance of the concept Anapest, I need to know what the example is. Please provide the example."
Anapest,Literary Techniques,Llama-3.1-8B-Instruct,no,yes,False,"To determine if the given example is an instance of the concept Anapest, let's first define what an Anapest is. An an anapest is a metrical foot consisting of three syllables, with two unstressed syll"
Anapest,Literary Techniques,Llama-3.1-8B-Instruct,yes,yes,True,Yes
Anapest,Literary Techniques,Llama-3.1-8B-Instruct,no,yes,False,"To determine if the given example is an instance of the concept Anapest, we need to break down the meter and syllable pattern.

An anapest is a metrical foot consisting of two unstressed syllables fol"
Anapest,Literary Techniques,Llama-3.1-8B-Instruct,no,yes,False,"To determine if the given sentence is an instance of the concept Anapest, let's first define what an Anapest is. An anapest is a metrical foot in poetry that consists of two unstressed syllables follo"
Anapest,Literary Techniques,Llama-3.1-8B-Instruct,no,no,True,"To determine if the given example is an instance of the concept Anapest, we need to understand what an anapest is. An anapest is a metrical foot in poetry, consisting of two unstressed syllables follo"
Anapest,Literary Techniques,Llama-3.1-8B-Instruct,no,no,True,"To determine if the given example is an instance of the concept Anapest, we need to understand what Anapest is. An Anapest is a metrical foot in poetry, consisting of two unstressed syllables followed"
Anapest,Literary Techniques,Llama-3.1-8B-Instruct,yes,no,False,"To analyze the given example, we need to understand what an anapest is. An anapest is a metrical foot in poetry consisting of two unstressed syllables followed by a stressed syllable (da-da-DUM). 

Th"
Anapest,Literary Techniques,Llama-3.1-8B-Instruct,unparseable,no,False,"To determine if the given example is an instance of an anapest, we need to understand what an anapest is. An anapest is a metrical foot in poetry consisting of two unstressed syllables followed by a s"
Anapest,Literary Techniques,Llama-3.1-8B-Instruct,no,no,True,"To determine if the example is an instance of the concept Anapest, we need to understand what Anapest is. An Anapest is a metrical foot consisting of two unstressed syllables followed by a stressed sy"
Iterated Dominance,Game Theory,Llama-3.1-8B-Instruct,yes,yes,True,Yes
Iterated Dominance,Game Theory,Llama-3.1-8B-Instruct,no,no,True,"To determine if this is an instance of the concept of Iterated Dominance, let's break it down step by step.

1.  We have two options: go to the Life Alive cafe in Harvard Square or go to the Life Aliv"
Iterated Dominance,Game Theory,Llama-3.1-8B-Instruct,yes,yes,True,"Let's break down the situation using game theory and iterated dominance.

Consider the following strategies:

1. Go to building 45.
2. Go to building 52.

Since you don't care which location you end u"
Iterated Dominance,Game Theory,Llama-3.1-8B-Instruct,yes,no,False,Yes
Iterated Dominance,Game Theory,Llama-3.1-8B-Instruct,no,yes,False,"To determine if this is an instance of the concept of Iterated Dominance, let's first identify the dominant strategies in the game. 

A dominant strategy is one that gives a higher payoff than another"
Iterated Dominance,Game Theory,Llama-3.1-8B-Instruct,yes,no,False,"To determine if this is an instance of Iterated Dominance, let's break down the game and analyze each possible move.

1. If you play rock and Eric plays paper, you win 3 points and Eric wins 2 points."
Iterated Dominance,Game Theory,Llama-3.1-8B-Instruct,yes,yes,True,Yes
Iterated Dominance,Game Theory,Llama-3.1-8B-Instruct,yes,no,False,Yes
Iterated Dominance,Game Theory,Llama-3.1-8B-Instruct,yes,yes,True,"To determine if this is an instance of the concept of Iterated Dominance, we need to consider the payoffs for each possible action (advertising or not) given the actions of the competitor.

Let's brea"
Iterated Dominance,Game Theory,Llama-3.1-8B-Instruct,unparseable,no,False,"To determine if this is an instance of Iterated Dominance, we need to examine the payoffs for each possible combination of actions between the two firms.

The payoffs are as follows:

- Both firms adv"
Weak Dominance,Game Theory,Llama-3.1-8B-Instruct,yes,yes,True,"To determine if this is an instance of Weak Dominance, we need to identify the options and their associated payoffs. In this case, the options are:

- Option A: Eating at the Harvard Square cafe with "
Weak Dominance,Game Theory,Llama-3.1-8B-Instruct,unparseable,no,False,"To determine if this is an instance of Weak Dominance, we need to consider two possible choices: A and B. In this case, A is the Harvard Square cafe and B is the Central Square cafe.

For Weak Dominan"
Weak Dominance,Game Theory,Llama-3.1-8B-Instruct,no,yes,False,No
Weak Dominance,Game Theory,Llama-3.1-8B-Instruct,yes,no,False,"To determine if this is an instance of Weak Dominance, we need to compare the possible outcomes of going to building 45 versus going to building 52.

If you go to building 45, you will meet your broth"
Weak Dominance,Game Theory,Llama-3.1-8B-Instruct,no,yes,False,"To determine if this is an instance of Weak Dominance, let's first define Weak Dominance. Weak Dominance occurs when one strategy is strictly better than another strategy, regardless of what the other"
Weak Dominance,Game Theory,Llama-3.1-8B-Instruct,unparseable,no,False,"To determine the strategy, we need to analyze the game tree and look for weak dominance. 

Let's consider the possible moves: Rock (R), Paper (P), and Scissors (S).

- If Eric plays R, I should play P"
Weak Dominance,Game Theory,Llama-3.1-8B-Instruct,yes,yes,True,"To determine if the given example is an instance of the concept of Weak Dominance, we need to check if one action strictly dominates another action. 

Weak Dominance occurs when one action yields a hi"
Weak Dominance,Game Theory,Llama-3.1-8B-Instruct,yes,no,False,Yes
Weak Dominance,Game Theory,Llama-3.1-8B-Instruct,no,yes,False,"To determine if this is an instance of Weak Dominance, we need to examine the payoff matrix. 

Let's denote the actions as follows: 

- A: Advertise
- N: Not Advertise

The payoffs for each firm are a"
Weak Dominance,Game Theory,Llama-3.1-8B-Instruct,yes,no,False,"To determine if this is an instance of Weak Dominance, we need to compare the payoffs for each firm when they choose to advertise or not advertise, while considering the opponent's possible actions.

"
Mixed Strategy Nash Equilibrium,Game Theory,Llama-3.1-8B-Instruct,yes,yes,True,Yes
Mixed Strategy Nash Equilibrium,Game Theory,Llama-3.1-8B-Instruct,yes,no,False,Yes
Mixed Strategy Nash Equilibrium,Game Theory,Llama-3.1-8B-Instruct,unparseable,yes,False,"To determine if the given strategy is a Mixed Strategy Nash Equilibrium, we need to check if no player can improve their payoff by unilaterally changing their strategy, assuming the other player's str"
Mixed Strategy Nash Equilibrium,Game Theory,Llama-3.1-8B-Instruct,yes,no,False,ANSWER: Yes
Mixed Strategy Nash Equilibrium,Game Theory,Llama-3.1-8B-Instruct,yes,yes,True,Yes
Mixed Strategy Nash Equilibrium,Game Theory,Llama-3.1-8B-Instruct,yes,no,False,Yes
Mixed Strategy Nash Equilibrium,Game Theory,Llama-3.1-8B-Instruct,yes,yes,True,Yes
Mixed Strategy Nash Equilibrium,Game Theory,Llama-3.1-8B-Instruct,no,no,True,"To determine if the given scenario is a Mixed Strategy Nash Equilibrium, we need to check the following conditions:

1. Each player is using a mixed strategy.
2. No player can improve their payoff by "
Mixed Strategy Nash Equilibrium,Game Theory,Llama-3.1-8B-Instruct,unparseable,yes,False,"To determine if the given example is a Mixed Strategy Nash Equilibrium, we need to analyze the payoffs for each player and their possible strategies.

Manu's payoffs:
- Hiking and Tom goes to the beac"
Mixed Strategy Nash Equilibrium,Game Theory,Llama-3.1-8B-Instruct,yes,no,False,"To determine if the given example is an instance of the concept Mixed Strategy Nash Equilibrium, we need to check if it satisfies the conditions of a Nash Equilibrium and if the strategy is mixed.

A "
Zero-Sum Game,Game Theory,Llama-3.1-8B-Instruct,no,yes,False,"Let's break down the game outcomes:

- Artemis shoots from the left, Georgia blocks upwards: Draw (no gain or loss for either player)
- Artemis shoots from the left, Georgia blocks downwards: Draw (no"
Zero-Sum Game,Game Theory,Llama-3.1-8B-Instruct,unparseable,no,False,"To determine if this is an instance of a Zero-Sum Game, we need to examine the possible outcomes and their payoffs. In a Zero-Sum Game, the total payoff or outcome is zero, meaning one player's gain i"
Zero-Sum Game,Game Theory,Llama-3.1-8B-Instruct,yes,yes,True,Yes
Zero-Sum Game,Game Theory,Llama-3.1-8B-Instruct,yes,no,False,"To determine if this is an instance of the concept of a Zero-Sum Game, we need to analyze the payoffs for each possible outcome. A Zero-Sum Game is characterized by the property that the total payoff "
Zero-Sum Game,Game Theory,Llama-3.1-8B-Instruct,unparseable,yes,False,"To determine if this is an instance of a Zero-Sum Game, we need to check if the total points awarded to one player are always exactly the opposite of the total points awarded to the other player.

In "
Zero-Sum Game,Game Theory,Llama-3.1-8B-Instruct,yes,no,False,"To determine if this example is an instance of the concept Zero-Sum Game, we need to analyze the possible outcomes and their scores.

A Zero-Sum Game is a game where the total outcome is zero, meaning"
Zero-Sum Game,Game Theory,Llama-3.1-8B-Instruct,yes,yes,True,ANSWER: Yes
Zero-Sum Game,Game Theory,Llama-3.1-8B-Instruct,yes,no,False,"To determine if this is an instance of a Zero-Sum Game, we need to examine the outcomes of each possible combination of strategies.

1. Harry (Expelliarmus) vs. Hermione (Protego): Harry +2, Hermione "
Zero-Sum Game,Game Theory,Llama-3.1-8B-Instruct,yes,yes,True,"To determine if this is an instance of a Zero-Sum Game, we need to examine the outcomes of all possible combinations of strategies between the two players.

In a Zero-Sum Game, the total payoff for bo"
Zero-Sum Game,Game Theory,Llama-3.1-8B-Instruct,no,no,True,"To determine if this is an instance of a Zero-Sum Game, we need to check if the total points earned by all participants remain the same after the game, i.e., the sum of points earned by all participan"
